{
  "status": "PASS",
  "model_id": "google-bert/bert-base-uncased",
  "resolved_commit": "86b5e0934494bd15c9632b12f734a8a67f723594",
  "active_tokens": 90,
  "execution": "five persistent CUs, one start each, no host layer loop",
  "thresholds_valid_tokens": {
    "max_rmse": 0.03,
    "max_abs": 0.25,
    "min_cosine": 0.999
  },
  "valid_tokens": {
    "count": 69120,
    "nonfinite": 0,
    "mae": 0.01443947029215451,
    "rmse": 0.018516881721328485,
    "max_abs": 0.1594163179397583,
    "p95_abs": 0.03679600358009339,
    "p99_abs": 0.05096476651728146,
    "relative_l2": 0.034961236601920326,
    "cosine": 0.9993892794297883
  },
  "all_tokens_diagnostic": {
    "count": 98304,
    "nonfinite": 0,
    "mae": 0.014619175134528817,
    "rmse": 0.02036994632251573,
    "max_abs": 0.3935427665710449,
    "p95_abs": 0.03820779584348201,
    "p99_abs": 0.06388558156788349,
    "relative_l2": 0.041480499994553416,
    "cosine": 0.9991408941961833
  }
}
